Nama Dealer,Provinsi,Pulau,Latitude,Longitude,Tipe Dealer
Hyundai Pramuka,DKI Jakarta,Jawa,-6.1921991,106.8642989,Dealer Mobil
Hyundai Lotte Shopping Avenue,DKI Jakarta,Jawa,-6.2237689,106.8209781,Dealer Mobil
Hyundai DI Panjaitan,DKI Jakarta,Jawa,-6.2354697,106.8755182,Dealer Mobil
Hyundai Pancoran,DKI Jakarta,Jawa,-6.2457315,106.8404494,Dealer Mobil
Hyundai Sawah Besar,DKI Jakarta,Jawa,-6.160073,106.8203416,Dealer Mobil
Hyundai Mampang,DKI Jakarta,Jawa,-6.2643238,106.8280878,Dealer Mobil
Hyundai Kelapa Gading,DKI Jakarta,Jawa,-6.1542097,106.8912934,Dealer Mobil
Hyundai Simprug,DKI Jakarta,Jawa,-6.2298699,106.7879879,Dealer Mobil
Hyundai Pegangsaan,DKI Jakarta,Jawa,-6.1746187,106.9112246,Dealer Mobil
Hyundai Lippo Plaza Kramat Jati,DKI Jakarta,Jawa,-6.2709275,106.8658473,Dealer Mobil
Hyundai Sunter,DKI Jakarta,Jawa,-6.1311834,106.8529105,Dealer Mobil
Hyundai Kebon Jeruk,DKI Jakarta,Jawa,-6.1740844,106.7627192,Dealer Mobil
Hyundai Pondok Indah Mall,DKI Jakarta,Jawa,-6.2635006,106.7804189,Dealer Mobil
Hyundai Kalimalang,DKI Jakarta,Jawa,-6.2480377,106.9264631,Dealer Mobil
Hyundai Fatmawati,DKI Jakarta,Jawa,-6.2838663,106.7931796,Dealer Mobil
Hyundai Pluit,DKI Jakarta,Jawa,-6.1179777,106.7864516,Dealer Mobil
Hyundai Lippo Mall Puri,DKI Jakarta,Jawa,-6.1877071,106.73607,Dealer Mobil
Hyundai Pondok Gede,Jawa Barat,Jawa,-6.283589,106.9256448,Dealer Mobil
Hyundai Cilandak,DKI Jakarta,Jawa,-6.3081386,106.7784323,Dealer Mobil
Hyundai Ciputat,Banten,Jawa,-6.2958891,106.7625581,Dealer Mobil
Hyundai PIK,DKI Jakarta,Jawa,-6.1126682,106.7405731,Dealer Mobil
Hyundai Summarecon Bekasi,Jawa Barat,Jawa,-6.2258347,107.0008623,Dealer Mobil
Hyundai Cimanggis,Jawa Barat,Jawa,-6.3569086,106.8417792,Dealer Mobil
Hyundai Bintaro,Banten,Jawa,-6.2730183,106.695957,Dealer Mobil
Hyundai Cipondoh,Banten,Jawa,-6.1921369,106.6695871,Dealer Mobil
Hyundai Margonda,Jawa Barat,Jawa,-6.3808403,106.8282201,Dealer Mobil
Hyundai Bekasi Timur,Jawa Barat,Jawa,-6.2528524,107.029368,Dealer Mobil
Hyundai Cibubur,Jawa Barat,Jawa,-6.3796845,106.9204378,Dealer Mobil
Hyundai Sawangan,Jawa Barat,Jawa,-6.3728704,106.7424303,Dealer Mobil
Hyundai Tangerang City,Banten,Jawa,-6.1899397,106.639302,Dealer Mobil
Hyundai Serpong,Banten,Jawa,-6.2327937,106.6402943,Dealer Mobil
Hyundai BSD City,Banten,Jawa,-6.2883531,106.6436896,Dealer Mobil
Hyundai Summarecon Mall Serpong,Banten,Jawa,-6.2400366,106.6267934,Dealer Mobil
Hyundai Cibinong,Jawa Barat,Jawa,-6.5057821,106.8399004,Dealer Mobil
Hyundai Cikarang,Jawa Barat,Jawa,-6.2906998,107.1483403,Dealer Mobil
Hyundai Mal Lippo Cikarang,Jawa Barat,Jawa,-6.3339252,107.1334875,Dealer Mobil
Hyundai Sholeh Iskandar,Jawa Barat,Jawa,-6.5415039,106.7691483,Dealer Mobil
Hyundai Cikupa,Banten,Jawa,-6.2136828,106.4870849,Dealer Mobil
Hyundai Tajur,Jawa Barat,Jawa,-6.6298753,106.8220161,Dealer Mobil
Hyundai Karawang,Jawa Barat,Jawa,-6.3285759,107.2897597,Dealer Mobil
Hyundai Purwakarta,Jawa Barat,Jawa,-6.5210018,107.4463139,Dealer Mobil
Hyundai Cianjur,Jawa Barat,Jawa,-6.8097635,107.1479534,Dealer Mobil
Hyundai Serang,Banten,Jawa,-6.1504023,106.1561931,Dealer Mobil
Hyundai Sukabumi,Jawa Barat,Jawa,-6.9028589,106.9834895,Dealer Mobil
Hyundai Cilegon,Banten,Jawa,-6.0345534,106.0813393,Dealer Mobil
Hyundai Pasteur,Jawa Barat,Jawa,-6.8926435,107.5794402,Dealer Mobil
Hyundai Cihampelas,Jawa Barat,Jawa,-6.9066452,107.6020745,Dealer Mobil
Hyundai Leuwipanjang,Jawa Barat,Jawa,-6.947248,107.5961672,Dealer Mobil
Hyundai Ahmad Yani,Jawa Barat,Jawa,-6.9149788,107.6283302,Dealer Mobil
Hyundai Soekarno Hatta,Jawa Barat,Jawa,-6.9432664,107.6447378,Dealer Mobil
Hyundai Rancaekek,Jawa Barat,Jawa,-6.9524461,107.762397,Dealer Mobil
Hyundai Indramayu,Jawa Barat,Jawa,-6.3459897,108.3298946,Dealer Mobil
Hyundai Cirebon,Jawa Barat,Jawa,-6.7229671,108.5355454,Dealer Mobil
Hyundai Tasikmalaya,Jawa Barat,Jawa,-7.3465727,108.2152983,Dealer Mobil
Hyundai Lampung,Lampung,Sumatera,-5.3820117,105.2557719,Dealer Mobil
Hyundai Kalijaga,Jawa Barat,Jawa,-6.7405337,108.5807864,Dealer Mobil
Hyundai Tegal,Jawa Tengah,Jawa,-6.8689579,109.1163292,Dealer Mobil
Hyundai Purwokerto,Jawa Tengah,Jawa,-7.4377079,109.2555788,Dealer Mobil
Hyundai Batang,Jawa Tengah,Jawa,-6.9057295,109.7182819,Dealer Mobil
Hyundai Magelang,Jawa Tengah,Jawa,-7.4957484,110.2209143,Dealer Mobil
Hyundai Puri Anjasmoro,Jawa Tengah,Jawa,-6.9618457,110.3888891,Dealer Mobil
Hyundai Setiabudi,Jawa Tengah,Jawa,-7.0583463,110.4122405,Dealer Mobil
Hyundai Raden Patah,Jawa Tengah,Jawa,-6.962686,110.4362082,Dealer Mobil
Hyundai Mlati,Daerah Istimewa Yogyakarta,Jawa,-7.7572043,110.3597589,Dealer Mobil
Hyundai Veteran,Sumatera Selatan,Sumatera,-5.3558192,104.9202484,Dealer Mobil
Hyundai Soetta,Sumatera Selatan,Sumatera,-2.9835131,104.7150827,Dealer Mobil
Hyundai Adisucipto,Daerah Istimewa Yogyakarta,Jawa,-7.7837662,110.4256547,Dealer Mobil
Hyundai Kudus,Jawa Tengah,Jawa,-6.841756,110.8148505,Dealer Mobil
Hyundai Bangka,Bangka Belitung,Sumatera,-2.1750993,106.1323036,Dealer Mobil
Hyundai Adisucipto Solo,Jawa Tengah,Jawa,-7.5491537,110.7818644,Dealer Mobil
Hyundai Solo Baru,Jawa Tengah,Jawa,-7.5999527,110.8128796,Dealer Mobil
Hyundai Madiun,Jawa Timur,Jawa,-7.6393667,111.5120946,Dealer Mobil
Hyundai Lubuklinggau,Sulawesi Selatan,Sulawesi,-3.2704574,102.9172532,Dealer Mobil
Hyundai Bengkulu,Bengkulu,Sumatera,-3.8321965,102.3060581,Dealer Mobil
Hyundai Tuban,Jawa Timur,Jawa,-6.8934368,112.0607901,Dealer Mobil
Hyundai Kediri,Jawa Timur,Jawa,-7.8289745,112.0162746,Dealer Mobil
Hyundai Jambi,Jambi,Sumatera,-1.622725,103.6001786,Dealer Mobil
Hyundai HR Muhammad,Jawa Timur,Jawa,-7.2847992,112.6921955,Dealer Mobil
Hyundai Basuki Rahmat,Jawa Timur,Jawa,-7.2642429,112.7382682,Dealer Mobil
Hyundai Waru,Jawa Timur,Jawa,-7.3496716,112.7272829,Dealer Mobil
Hyundai Gubeng,Jawa Timur,Jawa,-7.2762557,112.7443271,Dealer Mobil
Hyundai Jemur Andayani,Jawa Timur,Jawa,-7.329725,112.7408489,Dealer Mobil
Hyundai Sutoyo,Jawa Timur,Jawa,-7.9635263,112.6325882,Dealer Mobil
Hyundai Singosari,Jawa Timur,Jawa,-7.8767442,112.6739497,Dealer Mobil
Hyundai Pontianak,Kalimantan Barat,Kalimantan,-0.0872632,109.3670564,Dealer Mobil
Hyundai Jember,Jawa Timur,Jawa,-8.1885545,113.6537717,Dealer Mobil
Hyundai Banyuwangi,Jawa Timur,Jawa,-8.1862261,114.3777746,Dealer Mobil
Hyundai Nagoya,Riau,Sumatera,1.1416612,104.0148457,Dealer Mobil
Hyundai Palangka Raya,Kalimantan Tengah,Kalimantan,-2.1704775,113.859149,Dealer Mobil
Hyundai Banjarmasin,Kalimantan Selatan,Kalimantan,-3.3496242,114.6232311,Dealer Mobil
Hyundai Khatib Sulaiman,Sumatera Barat,Sumatera,-0.9088788,100.3511532,Dealer Mobil
Hyundai Gatsu,Bali,Kepulauan Nusa Tenggara,-8.6372994,115.1741827,Dealer Mobil
Hyundai Panam,Riau,Sumatera,0.4645355,101.3895459,Dealer Mobil
Hyundai Sunset Road,Bali,Kepulauan Nusa Tenggara,-8.7109858,115.1826045,Dealer Mobil
Hyundai Lombok,Nusa Tenggara Barat,Kepulauan Nusa Tenggara,-8.5804061,116.0937737,Dealer Mobil
Hyundai Dumai,Riau,Sumatera,1.6704811,101.4375685,Dealer Mobil
Hyundai Balikpapan,Kalimantan Timur,Kalimantan,-1.2723579,116.8500599,Dealer Mobil
Hyundai Samarinda,Kalimantan Timur,Kalimantan,-0.4516006,117.1382771,Dealer Mobil
Hyundai Pettarani,Sulawesi Selatan,Sulawesi,-5.1560247,119.4346185,Dealer Mobil
Hyundai Urip Sumoharjo,Sulawesi Selatan,Sulawesi,-5.1363133,119.4340693,Dealer Mobil
Hyundai Sungguminasa,Sulawesi Selatan,Sulawesi,-5.2019577,119.4442021,Dealer Mobil
Hyundai SM Raja,Sumatera Utara,Sumatera,3.5697127,98.6878046,Dealer Mobil
Hyundai Yos Sudarso,Sumatera Utara,Sumatera,1.3646459,98.5733595,Dealer Mobil
Hyundai Gatot Subroto,Sumatera Utara,Sumatera,3.593022,98.6177196,Dealer Mobil
Hyundai Binjai,Sumatera Utara,Sumatera,3.610299,98.4925615,Dealer Mobil
Hyundai Palopo,Sulawesi Selatan,Sulawesi,-3.0107313,120.200623,Dealer Mobil
Hyundai Palu,Sulawesi Tengah,Sulawesi,-0.873293,119.8724399,Dealer Mobil
Hyundai Tarakan,Kalimantan Utara,Kalimantan,3.3129146,117.5786832,Dealer Mobil
Hyundai Kendari,Sulawesi Tenggara,Sulawesi,-3.9955906,122.5312766,Dealer Mobil
Hyundai Aceh,Nanggroe Aceh Darussalam,Sumatera,5.5176725,95.3126899,Dealer Mobil
Hyundai Kupang,Nusa Tenggara Timur,Kepulauan Nusa Tenggara,-10.1485386,123.6326096,Dealer Mobil
Hyundai Gorontalo,Gorontalo,Sulawesi,0.5366614,123.0580711,Dealer Mobil
Hyundai Manado,Sulawesi Utara,Sulawesi,1.4903701,124.83766,Dealer Mobil
Hyundai Ambon,Maluku,Kepulauan Maluku,-3.7018957,128.171228,Dealer Mobil
Hyundai Jayapura,Papua,Papua,-2.6155255,140.6753237,Dealer Mobil
PT Arista Jaya Abadi - Medan,Sumatera Utara,Sumatera,3.6069166,98.6585021,Dealer Mobil
PT Thamrin Citra Abadi - Palembang,Sumatera Selatan,Sumatera,-2.9463598,104.7289385,Dealer Mobil
PT Cakrawala Automotif Rabhasa - Bintaro,Banten,Jawa,-6.27402,106.7063946,Dealer Mobil
PT Cakrawala Automotif Rabhasa - Kuningan,DKI Jakarta,Jawa,-6.2250247,106.8290831,Dealer Mobil
"PT Dipo Angkasa Motor - Pluit, Jakarta",DKI Jakarta,Jawa,-6.1252056,106.7921956,Dealer Mobil
PT Mercindo Autorama - Mampang,DKI Jakarta,Jawa,-6.2000656,106.8141452,Dealer Mobil
PT Mercindo Autorama - Sunter,DKI Jakarta,Jawa,-6.1561932,106.8820066,Dealer Mobil
PT Panji Rama Otomotif - BSD,Banten,Jawa,-6.2884868,106.6430837,Dealer Mobil
PT Panji Rama Otomotif - Gandaria,DKI Jakarta,Jawa,-6.2471653,106.7785733,Dealer Mobil
PT Suri Motor Indonesia - TB Simatupang,DKI Jakarta,Jawa,-6.291825,106.7853797,Dealer Mobil
PT Citrakarya Pranata - Bandung,Jawa Barat,Jawa,-6.9385956,107.6649264,Dealer Mobil
PT Hartono Raya Motor - Semarang,Jawa Tengah,Jawa,-6.9862465,110.3375651,Dealer Mobil
PT Kalimas Arubu Indonesia - Yogyakarta,Daerah Istimewa Yogyakarta,Jawa,-7.783038,110.4323448,Dealer Mobil
PT Hartono Raya Motor - Surabaya,Jawa Timur,Jawa,-7.2470077,112.7191431,Dealer Mobil
PT Kedaung Satrya Motor - Surabaya,Jawa Timur,Jawa,-7.2889428,112.6317338,Dealer Mobil
PT Hartono Raya Motor - Denpasar,Bali,Kepulauan Nusa Tenggara,-8.7415521,115.1782171,Dealer Mobil
PT Kumala Bintang Cemerlang - Makassar,Sulawesi Selatan,Sulawesi,-5.1666499,119.432355,Dealer Mobil
Astra Autoprima,DKI Jakarta,Jawa,-6.1402461,106.8822616,Dealer Mobil
Tunas Bekasi,DKI Jakarta,Jawa,-6.2261517,107.0010371,Dealer Mobil
Astra Pluit,DKI Jakarta,Jawa,-6.1253967,106.7955121,Dealer Mobil
Eurokars Group Eurokars PIK 2,Banten,Jawa,-6.2412546,106.7800421,Dealer Mobil
Tunas Asset Sarana,DKI Jakarta,Jawa,-6.1586969,106.8166103,Dealer Mobil
Tunas Tomang,DKI Jakarta,Jawa,-6.1775927,106.7961904,Dealer Mobil
PT Performance Motors Indonesia,DKI Jakarta,Jawa,-6.1983865,106.8219451,Dealer Mobil
Artha Motor Lestari Thamrin,DKI Jakarta,Jawa,-6.1984629,106.8202403,Dealer Mobil
Tunas Tebet,DKI Jakarta,Jawa,-6.2303947,106.8441581,Dealer Mobil
PMI BPS PT Performance Auto Selection,DKI Jakarta,Jawa,-6.2425122,106.8555476,Dealer Mobil
Eurokars Kebon Jeruk,DKI Jakarta,Jawa,-6.1919532,106.765928,Dealer Mobil
Astra Cilandak,DKI Jakarta,Jawa,-6.2925611,106.787065,Dealer Mobil
PT. Bestindo Car Utama,Banten,Jawa,-6.281813,106.7251471,Dealer Mobil
Karya Prima Ultima,Banten,Jawa,-6.3154463,106.7025879,Dealer Mobil
Astra Serpong,Banten,Jawa,-6.2898526,106.6369761,Dealer Mobil
Tunas Bandung,Jawa Barat,Jawa,-6.9384419,107.6653601,Dealer Mobil
Astra Semarang,Jawa Tengah,Jawa,-6.9839099,110.3830845,Dealer Mobil
Astra Surabaya,Jawa Timur,Jawa,-7.2861802,112.7016089,Dealer Mobil
Karyatama Trans Niaga Pekanbaru,Riau,Sumatera,0.4893411,101.4170265,Dealer Mobil
Astra  Denpasar,Bali,Kepulauan Nusa Tenggara,-8.6355945,115.2446636,Dealer Mobil
Astra Makassar,Sulawesi Selatan,Sulawesi,-5.1579261,119.4335976,Dealer Mobil
PT Performance Motors Ind Medan PMI Medan,Sumatera Utara,Sumatera,3.5713127,98.6641226,Dealer Mobil
MG Pluit,DKI Jakarta,Jawa,-6.1208165,106.7889474,Dealer Mobil
MG Kebon Jeruk,DKI Jakarta,Jawa,-6.1965293,106.7659721,Dealer Mobil
MG Samanhudi,DKI Jakarta,Jawa,-6.1595756,106.8330188,Dealer Mobil
MG Mampang,DKI Jakarta,Jawa,-6.25765,106.8272593,Dealer Mobil
MG Pondok Indah,DKI Jakarta,Jawa,-6.24086,106.7805647,Dealer Mobil
MG Bekasi,Jawa Barat,Jawa,-6.2628582,107.0604619,Dealer Mobil
MG Buah Batu - Bandung,Jawa Barat,Jawa,-6.9472256,107.6298189,Dealer Mobil
MG Surabaya,Jawa Timur,Jawa,-7.3185615,112.7465463,Dealer Mobil
MG Medan,Sumatera Utara,Sumatera,3.6030456,98.6679866,Dealer Mobil
MG Palembang,Sumatera Selatan,Sumatera,-2.9623494,104.7056585,Dealer Mobil
MG Pekanbaru,Riau,Sumatera,0.5352533,101.4222524,Dealer Mobil
MG Balikpapan,Kalimantan Timur,Kalimantan,-1.260243,116.8353595,Dealer Mobil
MG Kairagi - Manado,Sulawesi Utara,Sulawesi,1.49404,124.8725105,Dealer Mobil
MG Pettarani - Makassar,Sulawesi Selatan,Sulawesi,-5.1516359,119.4352145,Dealer Mobil
MG Batam,Kepulauan Riau,Sumatera,1.1011414,104.0334743,Dealer Mobil
MG Puri,DKI Jakarta,Jawa,-6.1865421,106.732111,Dealer Mobil
MG Citraland,Jawa Timur,Jawa,-7.2857728,112.6334183,Dealer Mobil
MG BSD,Banten,Jawa,-6.2889145,106.6455061,Dealer Mobil
MG Puri Anjasmoro - Semarang,Jawa Tengah,Jawa,-6.9618529,110.3889979,Dealer Mobil
MG Cihampelas - Bandung,Jawa Barat,Jawa,-6.887753,107.6014661,Dealer Mobil
MG Fatmawati,DKI Jakarta,Jawa,-6.2870579,106.7928338,Dealer Mobil
MG Bogor,Jawa Barat,Jawa,-6.6146984,106.8116647,Dealer Mobil
MG Denpasar - Bali,Bali,Kepulauan Nusa Tenggara,-8.6364309,115.1932825,Dealer Mobil
MG SCBD,DKI Jakarta,Jawa,-6.2287763,106.8066914,Dealer Mobil
MG Solo,Jawa Tengah,Jawa,-7.5597042,110.8396754,Dealer Mobil
MG Mlati,Daerah Istimewa Yogyakarta,Jawa,-7.7569867,110.2902002,Dealer Mobil
MG Sengkang,Sulawesi Selatan,Sulawesi,-4.1243125,120.0274822,Dealer Mobil
MG Palu,Sulawesi Tengah,Sulawesi,-0.9190862,119.8746884,Dealer Mobil
MG Kendari,Sulawesi Tenggara,Sulawesi,-4.0372225,122.4669171,Dealer Mobil
MG Cibubur,Jawa Barat,Jawa,-6.3894424,106.9441931,Dealer Mobil
MG Cirebon,Jawa Barat,Jawa,-6.7419463,108.5622261,Dealer Mobil
MG KS Tubun,DKI Jakarta,Jawa,-6.1890304,106.8051696,Dealer Mobil
MG Lampung,Lampung,Sumatera,-5.3757863,105.242044,Dealer Mobil
MG Pontianak,Kalimantan Barat,Kalimantan,-0.0296172,109.3265766,Dealer Mobil
MG Sukabumi,Jawa Barat,Jawa,-6.9560533,106.9066424,Dealer Mobil
Kia Ciputat - PT. Yi Li Sha,DKI Jakarta,Jawa,-6.2457427,106.7776969,Dealer Mobil
Kia Pondok Indah -  PT. Wahana Wirawan,DKI Jakarta,Jawa,-6.2900404,106.7785621,Dealer Mobil
Kia Bintaro - PT. Indomobil Trada Nasional,Banten,Jawa,-6.2750888,106.7156101,Dealer Mobil
Kia Daan Mogot - PT. Indomobil Trada Nasional,DKI Jakarta,Jawa,-6.1576268,106.761094,Dealer Mobil
Kia PIK - PT. Indomobil Trada Nasional,DKI Jakarta,Jawa,-6.1250087,106.7521089,Dealer Mobil
Kia Cinere - PT. Indomobil Trada Nasional,Jawa Barat,Jawa,-6.3530555,106.7739233,Dealer Mobil
Kia Cimone - PT. Indomobil Trada Nasional,Banten,Jawa,-6.1840058,106.6168607,Dealer Mobil
Kia Halim - PT. Indomobil Trada Nasional,DKI Jakarta,Jawa,-6.2484464,106.8782783,Dealer Mobil
Kia Pulogadung - PT. Wahana Indo Trada,DKI Jakarta,Jawa,-6.1913487,106.9038771,Dealer Mobil
Kia Radin Inten - PT. Indomobil Trada Nasional,DKI Jakarta,Jawa,-6.2248673,106.9206837,Dealer Mobil
Kia Kelapa Gading - PT. Indomobil Trada Nasional,DKI Jakarta,Jawa,-6.156603,106.8961301,Dealer Mobil
Kia Siliwangi Bekasi - PT Indomobil Trada Nasional,Jawa Barat,Jawa,-6.3033977,106.9810167,Dealer Mobil
Kia Pajajaran - PT. Indomobil Trada Nasional,Jawa Barat,Jawa,-6.5834581,106.8033968,Dealer Mobil
Kia Cimahi - PT. Wahana Wirawan,Jawa Barat,Jawa,-6.904611,107.5626066,Dealer Mobil
Kia Soekarno Hatta - PT. Siloam Motor,Jawa Barat,Jawa,-6.9488596,107.6181723,Dealer Mobil
Kia Semarang - PT. Indomobil Sumber Baru,Jawa Tengah,Jawa,-6.981821,110.3906908,Dealer Mobil
Kia Tanjung Api - Api - PT. Wahana Wirawan,Sumatera Selatan,Sumatera,-2.9076641,104.7231583,Dealer Mobil
Kia Solo - PT. Rejeki Perdana Makmur,Jawa Tengah,Jawa,-7.571258,110.8057881,Dealer Mobil
Kia Wiyung - PT. United Indo Surabaya,Jawa Timur,Jawa,-7.3127038,112.7038923,Dealer Mobil
Kia Arjuna - PT. Siantar Mobil Indonesia,Jawa Timur,Jawa,-7.3126114,112.6652671,Dealer Mobil
Kia Gubeng - PT. Wahana Wirawan,Jawa Timur,Jawa,-7.269625,112.7485825,Dealer Mobil
Kia S. Parman - PT. Wahana Wirawan,Jawa Timur,Jawa,-7.9488347,112.6370662,Dealer Mobil
Kia Pontianak - PT. Wahana Inti Nusa Pontianak,Kalimantan Barat,Kalimantan,-0.0748493,109.3624908,Dealer Mobil
Kia Batam - PT. Rodamas Makmur Motor,Kepulauan Riau,Sumatera,1.1299502,104.0135906,Dealer Mobil
Kia Arengka Pekanbaru - PT. Wahana Wirawan,Riau,Sumatera,0.5243841,101.4169948,Dealer Mobil
Kia Bali - PT. Sumber Baru Indo Artha,Bali,Kepulauan Nusa Tenggara,-8.6366295,115.1774559,Dealer Mobil
Kia Sandubaya Lombok - PT. Wahana Niaga Lombok,Nusa Tenggara Barat,Kepulauan Nusa Tenggara,-8.6195048,116.0778243,Dealer Mobil
Kia Gunung Malang - PT. Wahana Lestari Balikpapan,Kalimantan Timur,Kalimantan,-1.2687022,116.8420464,Dealer Mobil
Kia Makassar - PT. Wahana Megahputra Makassar,Sulawesi Selatan,Sulawesi,-5.1434667,119.4188124,Dealer Mobil
Kia Gatot Subroto - PT. Wahana Trans Lestari Medan,Sumatera Utara,Sumatera,3.5905363,98.6458464,Dealer Mobil
PT. Leading Vision Otomotif,DKI Jakarta,Jawa,-6.1959697,106.8221451,Dealer Mobil
NISSAN S. PARMAN,Jawa Timur,Jawa,-7.9461055,112.6380772,Dealer Mobil
NISSAN A. YANI (BANJARMASIN),Kalimantan Selatan,Kalimantan,-3.3855949,114.6517513,Dealer Mobil
NISSAN A. YANI (PONTIANAK),Kalimantan Barat,Kalimantan,-0.0750338,109.3627136,Dealer Mobil
NISSAN ACEH,Nanggroe Aceh Darussalam,Sumatera,5.516497,95.3197965,Dealer Mobil
NISSAN BANYUWANGI,Jawa Timur,Jawa,-8.245935,114.3470828,Dealer Mobil
NISSAN BATAM,Kepulauan Riau,Sumatera,1.1300025,104.0133857,Dealer Mobil
NISSAN BUMI SERPONG DAMAI,Banten,Jawa,-6.2921882,106.6630298,Dealer Mobil
NISSAN CIBUBUR,Jawa Barat,Jawa,-6.3904536,106.9475885,Dealer Mobil
NISSAN CIKARANG,Jawa Barat,Jawa,-6.3327086,107.1470379,Dealer Mobil
NISSAN GATSU (DENPASAR),Bali,Kepulauan Nusa Tenggara,-8.637193,115.195502,Dealer Mobil
NISSAN GORONTALO,Gorontalo,Sulawesi,0.5412486,123.0583539,Dealer Mobil
NISSAN GUNUNG MALANG,Kalimantan Timur,Kalimantan,-1.2687022,116.8420464,Dealer Mobil
NISSAN HALIM,DKI Jakarta,Jawa,-6.2484464,106.8782783,Dealer Mobil
NISSAN INDRAMAYU,Jawa Barat,Jawa,-6.3461962,108.3298296,Dealer Mobil
NISSAN ISTANA,Sumatera Selatan,Sumatera,-2.9698832,104.7289512,Dealer Mobil
NISSAN JATI,Jawa Tengah,Jawa,-6.8394436,110.8177822,Dealer Mobil
NISSAN JEMURSARI,Jawa Timur,Jawa,-7.3097821,112.7560511,Dealer Mobil
NISSAN JUANDA,Jawa Barat,Jawa,-7.3314258,108.1954093,Dealer Mobil
NISSAN KEDAWUNG,Jawa Barat,Jawa,-6.6590769,108.0651206,Dealer Mobil
NISSAN KHATIB SULAIMAN,Sumatera Barat,Sumatera,-0.90457,100.3532885,Dealer Mobil
NISSAN KUPANG,Nusa Tenggara Timur,Kepulauan Nusa Tenggara,-10.1443431,123.6197887,Dealer Mobil
NISSAN LABUHAN RATU,Lampung,Sumatera,-5.381525,105.2549962,Dealer Mobil
NISSAN MADIUN,Jawa Timur,Jawa,-7.6289482,111.5075354,Dealer Mobil
NISSAN MAGELANG,Jawa Tengah,Jawa,-7.4389641,110.224848,Dealer Mobil
NISSAN MARTADINATA,Sulawesi Utara,Sulawesi,1.4868953,124.8547647,Dealer Mobil
NISSAN MLATI,Daerah Istimewa Yogyakarta,Jawa,-7.7194617,110.3583251,Dealer Mobil
NISSAN MT. HARYONO,DKI Jakarta,Jawa,-6.2427374,106.8614721,Dealer Mobil
NISSAN NUSA DUA,Bali,Kepulauan Nusa Tenggara,-8.7675187,115.1758458,Dealer Mobil
NISSAN PALU,Sulawesi Tengah,Sulawesi,-0.9170922,119.8889471,Dealer Mobil
NISSAN PANGKAL PINANG,Bangka Belitung,Sumatera,-2.1695967,106.1340421,Dealer Mobil
NISSAN PETTARANI,Sulawesi Selatan,Sulawesi,-5.1551546,119.4339837,Dealer Mobil
NISSAN PURI INDAH,DKI Jakarta,Jawa,-6.1863638,106.7285347,Dealer Mobil
NISSAN PURWAKARTA,Jawa Barat,Jawa,-6.5107101,107.456509,Dealer Mobil
NISSAN ROXY,DKI Jakarta,Jawa,-6.1660554,106.8064927,Dealer Mobil
NISSAN SALATIGA,Jawa Tengah,Jawa,-7.363799,110.5111769,Dealer Mobil
NISSAN SANDUBAYA,Nusa Tenggara Barat,Kepulauan Nusa Tenggara,-8.5922719,116.1483945,Dealer Mobil
NISSAN SEMPAJA,Kalimantan Timur,Kalimantan,-0.4568954,117.1488607,Dealer Mobil
NISSAN SERANG BARAT,Banten,Jawa,-6.0375291,106.0850262,Dealer Mobil
NISSAN SETIABUDI SEMARANG,Jawa Tengah,Jawa,-7.0589219,110.4119224,Dealer Mobil
NISSAN SM AMIN,Riau,Sumatera,0.5165799,101.3778949,Dealer Mobil
NISSAN SOLO BARU,Jawa Tengah,Jawa,-7.6100705,110.8078227,Dealer Mobil
NISSAN SUKABUMI,Jawa Barat,Jawa,-6.951349,106.9245152,Dealer Mobil
NISSAN SUKAMAJU,Jawa Barat,Jawa,-6.4120854,106.858062,Dealer Mobil
NISSAN TB SIMATUPANG,DKI Jakarta,Jawa,-6.2906193,106.7806065,Dealer Mobil
NISSAN VETERAN,Jawa Barat,Jawa,-6.9195853,107.6140213,Dealer Mobil
NISSAN YASMIN,Jawa Barat,Jawa,-6.557268,106.7691718,Dealer Mobil
NISSAN AMIR HAMZAH,Sumatera Utara,Sumatera,3.6073158,98.6610231,Dealer Mobil
NISSAN KENDARI,Sulawesi Tenggara,Sulawesi,-4.0023513,122.5074364,Dealer Mobil
Dunia Barusa Meulaboh,Nanggroe Aceh Darussalam,Sumatera,4.1411598,96.157639,Dealer Mobil
Dunia Barusa Banda Aceh,Nanggroe Aceh Darussalam,Sumatera,4.8453862,95.3315353,Dealer Mobil
Dunia Barusa Lhokseumawe,Nanggroe Aceh Darussalam,Sumatera,5.1775438,97.1327564,Dealer Mobil
AUTO2000 Kisaran,Sumatera Utara,Sumatera,2.9689778,99.626728,Dealer Mobil
AUTO2000 Binjai,Sumatera Utara,Sumatera,3.6031167,98.5331981,Dealer Mobil
AUTO2000 Tanjung Morawa,Sumatera Utara,Sumatera,3.5525226,98.8458355,Dealer Mobil
AUTO2000 Rantauprapat,Sumatera Utara,Sumatera,2.0908637,99.8378589,Dealer Mobil
AUTO2000 Sisingamangaraja,Sumatera Utara,Sumatera,3.5705632,98.6872235,Dealer Mobil
AUTO2000 Gatot Subroto,Sumatera Utara,Sumatera,3.5915126,98.6315301,Dealer Mobil
AUTO2000 Amplas,Sumatera Utara,Sumatera,3.5331989,98.7225216,Dealer Mobil
AUTO2000 Krakatau,Sumatera Utara,Sumatera,3.6263766,98.6786541,Dealer Mobil
AUTO2000 Pancing,Sumatera Utara,Sumatera,3.6259964,98.7052341,Dealer Mobil
Perintis Perkasa Medan I,Sumatera Utara,Sumatera,3.5924694,98.6680661,Dealer Mobil
Perintis Perkasa Gagak Hitam,Sumatera Utara,Sumatera,3.5757363,98.6239108,Dealer Mobil
Perintis Perkasa Flamboyan,Sumatera Utara,Sumatera,3.5413301,98.6078342,Dealer Mobil
Deltamas Surya Indah Mulia,Sumatera Utara,Sumatera,3.5921428,98.6739623,Dealer Mobil
AUTO2000 MEDAN MARELAN,Sumatera Utara,Sumatera,3.7206526,98.6708175,Dealer Mobil
Deltamas SM Raja,Sumatera Utara,Sumatera,3.5455346,98.6984712,Dealer Mobil
Perintis Perkasa Medan II,Sumatera Utara,Sumatera,3.5939495,98.669756,Dealer Mobil
Sutan Indo Aneka Mobil,Sumatera Utara,Sumatera,2.9804031,99.0802531,Dealer Mobil
AUTO2000 Bukit Tinggi,Sumatera Barat,Sumatera,-0.3371869,100.381934,Dealer Mobil
AUTO2000 Padang,Sumatera Barat,Sumatera,-0.9063494,100.3525576,Dealer Mobil
AUTO2000 By Pass Padang,Sumatera Barat,Sumatera,-0.8942491,100.3951366,Dealer Mobil
Intercom,Sumatera Barat,Sumatera,-0.9396032,100.3533688,Dealer Mobil
Intercom BP,Sumatera Barat,Sumatera,-0.9369064,100.3563105,Dealer Mobil
Agung Toyota Bagan Batu,Riau,Sumatera,1.6717632,100.4493402,Dealer Mobil
Agung Toyota Dumai,Riau,Sumatera,1.6717121,101.413167,Dealer Mobil
Agung Toyota Duri,Riau,Sumatera,1.3232285,101.175808,Dealer Mobil
Agung Toyota Pangkalan Kerinci,Riau,Sumatera,0.3990929,101.8537155,Dealer Mobil
Agung Toyota Pekanbaru I (Sutomo),Riau,Sumatera,0.5360416,101.4522677,Dealer Mobil
Agung Toyota Pekanbaru II (Soekarno Hatta),Riau,Sumatera,0.5076978,101.4191688,Dealer Mobil
Agung Toyota Pekanbaru III (S.M. Amin),Riau,Sumatera,0.4710223,101.3940648,Dealer Mobil
Agung Toyota Pekanbaru IV (Harapan Raya),Riau,Sumatera,0.49454,101.496517,Dealer Mobil
Agung Toyota Teluk Kuantan,Riau,Sumatera,-0.5214127,101.5388144,Dealer Mobil
Agung Toyota Ujung Batu,Riau,Sumatera,0.7087519,100.535985,Dealer Mobil
Agung Toyota Jambi,Jambi,Sumatera,-1.603576,103.6025973,Dealer Mobil
Agung Toyota Jambi II (Pal-10),Jambi,Sumatera,-1.6722324,103.5941046,Dealer Mobil
Agung Toyota Sarolangun,Jambi,Sumatera,-2.2980376,102.7328442,Dealer Mobil
Agung Toyota Muara Bungo,Jambi,Sumatera,-1.5012734,102.0988456,Dealer Mobil
Tunas Auto Graha Lubuk Linggau,Sumatera Selatan,Sumatera,-2.9754657,104.7514332,Dealer Mobil
Tunas Auto Graha Muara Enim,Sumatera Selatan,Sumatera,-3.6337672,103.7758617,Dealer Mobil
AUTO2000 Sekayu,Sumatera Selatan,Sumatera,-2.8881467,103.8573341,Dealer Mobil
AUTO2000 Baturaja,Sumatera Selatan,Sumatera,-4.1401659,104.1771194,Dealer Mobil
AUTO2000 Veteran,Sumatera Selatan,Sumatera,-2.9754825,104.7571769,Dealer Mobil
AUTO2000 Plaju,Sumatera Selatan,Sumatera,-2.9975956,104.7705091,Dealer Mobil
AUTO2000 Tanjung Api-Api,Sumatera Selatan,Sumatera,-2.9087236,104.7215995,Dealer Mobil
Tunas Auto Graha Palembang,Sumatera Selatan,Sumatera,-2.9755571,104.7694095,Dealer Mobil
Tunas Auto Graha Poligon Palembang,Sumatera Selatan,Sumatera,-3.0077236,104.7191406,Dealer Mobil
Tunas Auto Graha Prabumulih,Sumatera Selatan,Sumatera,-3.3730787,104.2870979,Dealer Mobil
Agung Toyota Bengkulu,Bengkulu,Sumatera,-3.8208991,102.2949794,Dealer Mobil
Agung Toyota Bengkulu BP,Bengkulu,Sumatera,-3.8279777,102.3010049,Dealer Mobil
AUTO2000 Way Halim,Lampung,Sumatera,-5.3852128,105.2865447,Dealer Mobil
Tunas Toyota Bandar Jaya Lampung,Lampung,Sumatera,-4.9528271,105.2153425,Dealer Mobil
AUTO2000 Metro,Lampung,Sumatera,-5.1140139,105.3124695,Dealer Mobil
AUTO2000 Kalianda,Lampung,Sumatera,-5.6913713,105.581637,Dealer Mobil
AUTO2000 KOTABUMI,Lampung,Sumatera,-4.840878,104.9028562,Dealer Mobil
AUTO2000 Raden Intan,Lampung,Sumatera,-5.4171446,105.2559854,Dealer Mobil
AUTO2000 Raja Basa,Lampung,Sumatera,-5.3519685,105.2186532,Dealer Mobil
AUTO2000 Tulang Bawang,Lampung,Sumatera,-4.2728376,105.2296023,Dealer Mobil
Istana Agung,Bangka Belitung,Sumatera,-2.1383166,106.120407,Dealer Mobil
Agung Toyota Batam,Kepulauan Riau,Sumatera,1.1596943,104.0164252,Dealer Mobil
Agung Toyota Sekupang,Kepulauan Riau,Sumatera,1.1142616,103.9422522,Dealer Mobil
Agung Toyota Batam Center,Kepulauan Riau,Sumatera,0.837166,104.0531151,Dealer Mobil
Agung Toyota Tanjung Pinang,Kepulauan Riau,Sumatera,0.9271594,104.4959901,Dealer Mobil
AUTO2000 P. Jayakarta,DKI Jakarta,Jawa,-6.139388,106.818487,Dealer Mobil
AUTO2000 Daan Mogot,DKI Jakarta,Jawa,-6.163895,106.7749671,Dealer Mobil
AUTO2000 Puri Kembangan,DKI Jakarta,Jawa,-6.1816527,106.7297622,Dealer Mobil
AUTO2000 Kapuk,DKI Jakarta,Jawa,-6.1249746,106.7308146,Dealer Mobil
AUTO2000 Mangga Dua,DKI Jakarta,Jawa,-6.1362523,106.8275516,Dealer Mobil
AUTO2000 Glodok Plaza,DKI Jakarta,Jawa,-6.1429787,106.8163728,Dealer Mobil
AUTO2000 Permata Hijau,DKI Jakarta,Jawa,-6.2218447,106.778274,Dealer Mobil
Astrido Toyota Kebon Jeruk,DKI Jakarta,Jawa,-6.1911495,106.7682963,Dealer Mobil
Tunas Toyota Latumenten,DKI Jakarta,Jawa,-6.1536254,106.793136,Dealer Mobil
Plaza Toyota Green Garden,DKI Jakarta,Jawa,-6.1728133,106.7652342,Dealer Mobil
Plaza Toyota Kyai Tapa,DKI Jakarta,Jawa,-6.166583,106.7958529,Dealer Mobil
Akastra Motor,DKI Jakarta,Jawa,-6.2103535,106.7833774,Dealer Mobil
AUTO2000 Slipi,DKI Jakarta,Jawa,-6.1918926,106.7968438,Dealer Mobil
AUTO2000 Juanda,DKI Jakarta,Jawa,-6.1667798,106.8260516,Dealer Mobil
AUTO2000 Pramuka,DKI Jakarta,Jawa,-6.1928297,106.8677959,Dealer Mobil
AUTO2000 Salemba,DKI Jakarta,Jawa,-6.1979536,106.8531269,Dealer Mobil
AUTO2000 Cempaka Putih,DKI Jakarta,Jawa,-6.174563,106.855095,Dealer Mobil
AUTO2000 Sudirman Menara Astra,DKI Jakarta,Jawa,-6.2069573,106.8214904,Dealer Mobil
AUTO2000 Samanhudi,DKI Jakarta,Jawa,-6.160741,106.833217,Dealer Mobil
AUTO2000 Wahid Hasyim,DKI Jakarta,Jawa,-6.1869197,106.8177699,Dealer Mobil
AUTO2000 Angkasa,DKI Jakarta,Jawa,-6.1577426,106.8408835,Dealer Mobil
AUTO2000 Ambassador,DKI Jakarta,Jawa,-6.2238299,106.8264135,Dealer Mobil
Astrido Toyota Batu Tulis,DKI Jakarta,Jawa,-6.1631154,106.8260917,Dealer Mobil
Astrido Toyota Harmoni,DKI Jakarta,Jawa,-6.1707132,106.813734,Dealer Mobil
Tunas Toyota Pecenongan,DKI Jakarta,Jawa,-6.1645745,106.8266852,Dealer Mobil
Tunas Toyota Pecenongan SP,DKI Jakarta,Jawa,-6.1631995,106.8253655,Dealer Mobil
Tunas Toyota Hayam Wuruk,DKI Jakarta,Jawa,-6.1583232,106.8190412,Dealer Mobil
AUTO2000 Garuda,DKI Jakarta,Jawa,-6.1611529,106.8476165,Dealer Mobil
AUTO2000 Cilandak,DKI Jakarta,Jawa,-6.292589,106.788785,Dealer Mobil
AUTO2000 Radio Dalam,DKI Jakarta,Jawa,-6.25937,106.789133,Dealer Mobil
AUTO2000 Ciledug,DKI Jakarta,Jawa,-6.2377551,106.7472805,Dealer Mobil
AUTO2000 Tebet Supomo,DKI Jakarta,Jawa,-6.2388796,106.8447189,Dealer Mobil
AUTO2000 Tebet Saharjo,DKI Jakarta,Jawa,-6.228573,106.8466334,Dealer Mobil
AUTO2000 Krida Cilandak,DKI Jakarta,Jawa,-6.2915302,106.813601,Dealer Mobil
AUTO2000 Lenteng Agung,DKI Jakarta,Jawa,-6.3094739,106.8392489,Dealer Mobil
Tunas Toyota Bintaro,DKI Jakarta,Jawa,-6.2597449,106.768113,Dealer Mobil
Tunas Toyota Kebayoran Lama,DKI Jakarta,Jawa,-6.2081372,106.7829558,Dealer Mobil
Tunas Toyota Mampang,DKI Jakarta,Jawa,-6.2500602,106.8269244,Dealer Mobil
Tunas Toyota Pasar Minggu,DKI Jakarta,Jawa,-6.2621312,106.8427781,Dealer Mobil
Plaza Toyota Tendean,DKI Jakarta,Jawa,-6.2397475,106.8272739,Dealer Mobil
Astrido Toyota Fatmawati,DKI Jakarta,Jawa,-6.2795189,106.7967269,Dealer Mobil
Astrido Toyota Pondok Indah,DKI Jakarta,Jawa,-6.2603065,106.7821203,Dealer Mobil
AUTO2000 Kramat Jati,DKI Jakarta,Jawa,-6.2983118,106.8714099,Dealer Mobil
AUTO2000 Kalimalang,DKI Jakarta,Jawa,-6.2471163,106.9205406,Dealer Mobil
Plaza Toyota Pemuda,DKI Jakarta,Jawa,-6.192404,106.877357,Dealer Mobil
Daya Toyota Cakung,DKI Jakarta,Jawa,-6.192028,106.970474,Dealer Mobil
Astrido Toyota Klender,DKI Jakarta,Jawa,-6.2165532,106.9002666,Dealer Mobil
Tunas Toyota Jatinegara,DKI Jakarta,Jawa,-6.219418,106.867958,Dealer Mobil
Tunas Toyota Radin Inten,DKI Jakarta,Jawa,-6.2247051,106.9210091,Dealer Mobil
Tunas Toyota Dewi Sartika,DKI Jakarta,Jawa,-6.2494438,106.8658379,Dealer Mobil
AUTO2000 Pluit,DKI Jakarta,Jawa,-6.1255166,106.7967975,Dealer Mobil
AUTO2000 Yos Sudarso,DKI Jakarta,Jawa,-6.1396692,106.8910236,Dealer Mobil
AUTO2000 Sunter,DKI Jakarta,Jawa,-6.1372989,106.8815654,Dealer Mobil
AUTO2000 Muara Karang,DKI Jakarta,Jawa,-6.1165129,106.7768633,Dealer Mobil
AUTO2000 Kelapa Gading,DKI Jakarta,Jawa,-6.176856,106.9129703,Dealer Mobil
Astrido Toyota Yos Sudarso,DKI Jakarta,Jawa,-6.1264345,106.8914446,Dealer Mobil
Astrido Toyota Bandengan,DKI Jakarta,Jawa,-6.136157,106.7962944,Dealer Mobil
Astrido Toyota Kelapa Gading I,DKI Jakarta,Jawa,-6.155764,106.8951153,Dealer Mobil
Astrido Toyota Kelapa Gading II,DKI Jakarta,Jawa,-6.1608246,106.8911599,Dealer Mobil
Auto2000 Segitiga Senen,DKI Jakarta,Jawa,-6.1979536,106.8505466,Dealer Mobil
Auto2000 HO Duty Free,DKI Jakarta,Jawa,-6.136945,106.8825797,Dealer Mobil
GR Garage Auto2000,DKI Jakarta,Jawa,-6.0873502,106.729924,Dealer Mobil
AUTO2000 Pasteur,Jawa Barat,Jawa,-6.892344,107.5819047,Dealer Mobil
AUTO2000 Asia Afrika,Jawa Barat,Jawa,-6.9220188,107.6126419,Dealer Mobil
AUTO2000 Soekarno Hatta,Jawa Barat,Jawa,-6.880467,107.5963837,Dealer Mobil
AUTO2000 Cibiru,Jawa Barat,Jawa,-6.9360116,107.7085052,Dealer Mobil
AUTO2000 Bandung Suci,Jawa Barat,Jawa,-6.9019981,107.6455815,Dealer Mobil
AUTO2000 Rancaekek,Jawa Barat,Jawa,-6.959148,107.7812077,Dealer Mobil
Tunas Toyota Gatot Subroto,Jawa Barat,Jawa,-6.9238501,107.6232488,Dealer Mobil
Tunas Toyota Cimindi,Jawa Barat,Jawa,-6.8902786,107.554425,Dealer Mobil
Wijaya Toyota A. Yani,Jawa Barat,Jawa,-6.9130052,107.63302,Dealer Mobil
Wijaya Toyota Dago,Jawa Barat,Jawa,-6.8910026,107.6103423,Dealer Mobil
Merdeka Motor Soreang,Jawa Barat,Jawa,-7.0211924,107.5353623,Dealer Mobil
Plaza Toyota Bandung,Jawa Barat,Jawa,-6.9319914,107.6235922,Dealer Mobil
Wijaya Toyota Padalarang,Jawa Barat,Jawa,-6.8640312,107.5083269,Dealer Mobil
AUTO2000 Cibiru BP,Jawa Barat,Jawa,-6.9363294,107.7061066,Dealer Mobil
Tunas Toyota Kiaracondong,Jawa Barat,Jawa,-6.9444962,107.6422612,Dealer Mobil
AUTO2000 Cikarang,Jawa Barat,Jawa,-6.3326338,107.1426107,Dealer Mobil
AUTO2000 Bekasi Timur,Jawa Barat,Jawa,-6.2537378,107.0336573,Dealer Mobil
AUTO2000 Bekasi Barat,Jawa Barat,Jawa,-6.2660974,106.9949781,Dealer Mobil
Astrido Toyota Bekasi,Jawa Barat,Jawa,-6.2289228,106.9830875,Dealer Mobil
Astrido Toyota Pondok Gede,Jawa Barat,Jawa,-6.2834388,106.9102927,Dealer Mobil
Tunas Toyota Jatiwaringin,Jawa Barat,Jawa,-6.2597963,106.9106465,Dealer Mobil
Anzon Toyota Tambun,Jawa Barat,Jawa,-6.264948,107.0720319,Dealer Mobil
AUTO2000 Cikarang Utara,Jawa Barat,Jawa,-6.260204,107.144358,Dealer Mobil
AUTO2000 Jatiasih,Jawa Barat,Jawa,-6.2917859,106.9576286,Dealer Mobil
Tunas Toyota Bekasi,Jawa Barat,Jawa,-6.2427367,106.9593815,Dealer Mobil
JD Toyota Jababeka Cikarang,Jawa Barat,Jawa,-6.2832313,107.1749984,Dealer Mobil
Daya Toyota Bekasi,Jawa Barat,Jawa,-6.2658814,107.0328697,Dealer Mobil
Auto2000 Cibitung,Jawa Barat,Jawa,-6.249239,107.0947414,Dealer Mobil
Tunas Toyota Cakung BP,Jawa Barat,Jawa,-6.20394,106.9772059,Dealer Mobil
AUTO2000 Bogor Siliwangi,Jawa Barat,Jawa,-6.5951935,106.791892,Dealer Mobil
AUTO2000 Cibinong,Jawa Barat,Jawa,-6.4737333,106.8449897,Dealer Mobil
AUTO2000 Bogor Yasmin,Jawa Barat,Jawa,-6.5564669,106.777953,Dealer Mobil
Plaza Toyota Karanggan,Jawa Barat,Jawa,-6.4649086,106.8784679,Dealer Mobil
Setiajaya Toyota Cibubur,Jawa Barat,Jawa,-6.3757823,106.9100464,Dealer Mobil
AUTO2000 Dramaga Bogor,Jawa Barat,Jawa,-6.5692408,106.7361021,Dealer Mobil
Plaza Toyota Citeureup,Jawa Barat,Jawa,-6.4837432,106.8676734,Dealer Mobil
Astrido Toyota Cileungsi,Jawa Barat,Jawa,-6.3871564,106.9679187,Dealer Mobil
Setiajaya Toyota Bogor,Jawa Barat,Jawa,-6.5801085,106.8040104,Dealer Mobil
Duta Cendana Mobilindo,Jawa Barat,Jawa,-6.8119589,107.1466936,Dealer Mobil
AUTO2000 Cirebon,Jawa Barat,Jawa,-6.7229075,108.5353923,Dealer Mobil
Rejeki Toyota Cirebon,Jawa Barat,Jawa,-6.7045127,108.4996491,Dealer Mobil
Tunas Toyota Cinere,Jawa Barat,Jawa,-6.3307636,106.781566,Dealer Mobil
Setiajaya Toyota Depok,Jawa Barat,Jawa,-6.373864,106.8306166,Dealer Mobil
Setiajaya Toyota Parung,Jawa Barat,Jawa,-6.3721767,106.7429974,Dealer Mobil
Setiajaya Toyota Depok Body & Paint,Jawa Barat,Jawa,-6.4052374,106.848426,Dealer Mobil
Setiajaya Toyota Cimanggis,Jawa Barat,Jawa,-6.3572587,106.8572181,Dealer Mobil
AUTO2000 Grand Depok City,Jawa Barat,Jawa,-6.4158587,106.8186371,Dealer Mobil
Budi Jaya Mobilindo,Jawa Barat,Jawa,-7.2020608,107.8868246,Dealer Mobil
AUTO2000 Indramayu,Jawa Barat,Jawa,-6.3422299,108.3343031,Dealer Mobil
Rejeki Toyota Indramayu,Jawa Barat,Jawa,-6.4819208,108.2921585,Dealer Mobil
AUTO2000 Karawang,Jawa Barat,Jawa,-6.3187267,107.3205561,Dealer Mobil
Astrido Toyota Karawang Barat,Jawa Barat,Jawa,-6.3072324,107.2731541,Dealer Mobil
AUTO2000 Cikampek,Jawa Barat,Jawa,-6.4094151,107.4673124,Dealer Mobil
AUTO2000 Kuningan,Jawa Barat,Jawa,-6.9726292,108.5197987,Dealer Mobil
AUTO2000 Jatiwangi Majalengka,Jawa Barat,Jawa,-6.7357988,108.2565991,Dealer Mobil
AUTO2000 Purwakarta,Jawa Barat,Jawa,-6.517589,107.4487512,Dealer Mobil
Wijaya Toyota Subang,Jawa Barat,Jawa,-6.2870934,107.80343,Dealer Mobil
AUTO2000 Sukabumi,Jawa Barat,Jawa,-6.898896,106.9916896,Dealer Mobil
Selamat Toyota Sukabumi,Jawa Barat,Jawa,-6.914313,106.9031277,Dealer Mobil
Selamat Toyota Sukabumi BP,Jawa Barat,Jawa,-6.92024,106.9143509,Dealer Mobil
Rejeki Toyota Sumedang,Jawa Barat,Jawa,-6.8421147,107.9229726,Dealer Mobil
Sinar Mas Tasikmalaya,Jawa Barat,Jawa,-7.338489,108.2150262,Dealer Mobil
Nasmoco Brebes,Jawa Tengah,Jawa,-6.8675217,108.9906753,Dealer Mobil
Nasmoco Cilacap,Jawa Tengah,Jawa,-7.7102976,109.0028855,Dealer Mobil
Nasmoco Demak,Jawa Tengah,Jawa,-6.8798264,110.6802883,Dealer Mobil
Surya Indah Motor Jepara,Jawa Tengah,Jawa,-6.6565404,110.7075299,Dealer Mobil
Nasmoco Karangjati,Jawa Tengah,Jawa,-7.1799201,110.4196227,Dealer Mobil
Nasmoco Klaten,Jawa Tengah,Jawa,-7.6879619,110.6298854,Dealer Mobil
Surya Indah Motor Kudus,Jawa Tengah,Jawa,-6.8051841,110.8744924,Dealer Mobil
Nasmoco Magelang,Jawa Tengah,Jawa,-7.5369427,110.2318662,Dealer Mobil
Nasmoco Pati,Jawa Tengah,Jawa,-6.7465456,111.0620483,Dealer Mobil
Nasmoco Pekalongan,Jawa Tengah,Jawa,-6.9032371,109.6868935,Dealer Mobil
Nasmoco Purbalingga,Jawa Tengah,Jawa,-7.4042099,109.3549162,Dealer Mobil
Nasmoco Purwokerto,Jawa Tengah,Jawa,-7.4380307,109.2525972,Dealer Mobil
Nasmoco Salatiga,Jawa Tengah,Jawa,-7.3064887,110.4859665,Dealer Mobil
Nasmoco Kaligawe,Jawa Tengah,Jawa,-6.95571,110.4618637,Dealer Mobil
Nasmoco Pemuda,Jawa Tengah,Jawa,-6.9748492,110.4167059,Dealer Mobil
Nasmoco Majapahit,Jawa Tengah,Jawa,-7.0138449,110.4790862,Dealer Mobil
Nasmoco Gombel,Jawa Tengah,Jawa,-7.0435002,110.4195704,Dealer Mobil
Nasmoco Siliwangi,Jawa Tengah,Jawa,-6.9835534,110.3845661,Dealer Mobil
Nasmoco Slamet Riyadi,Jawa Tengah,Jawa,-7.5591168,110.7844099,Dealer Mobil
Nasmoco Solo Baru,Jawa Tengah,Jawa,-7.6027569,110.8104215,Dealer Mobil
Nasmoco Ring Road,Jawa Tengah,Jawa,-7.542118,110.8887817,Dealer Mobil
Nasmoco Tegal,Jawa Tengah,Jawa,-6.8566963,109.1418989,Dealer Mobil
Nasmoco Wonosobo,Jawa Tengah,Jawa,-7.3935636,109.8900069,Dealer Mobil
Nasmoco Mlati,Daerah Istimewa Yogyakarta,Jawa,-7.7438815,110.359888,Dealer Mobil
Nasmoco Janti,Daerah Istimewa Yogyakarta,Jawa,-7.8095842,110.4062857,Dealer Mobil
Nasmoco Bantul,Daerah Istimewa Yogyakarta,Jawa,-7.8203525,110.3215714,Dealer Mobil
AUTO2000 Banyuwangi,Jawa Timur,Jawa,-8.2384489,114.3538421,Dealer Mobil
AUTO2000 Bojonegoro,Jawa Timur,Jawa,-7.1589392,111.8780546,Dealer Mobil
AUTO2000 Manyar Gresik,Jawa Timur,Jawa,-7.1251001,112.6050758,Dealer Mobil
Arina Parama Jaya,Jawa Timur,Jawa,-7.1860799,112.6448503,Dealer Mobil
AUTO2000 Jember,Jawa Timur,Jawa,-8.1838312,113.6647421,Dealer Mobil
AUTO2000 Jember BP,Jawa Timur,Jawa,-8.2013949,113.5474927,Dealer Mobil
AUTO2000 Jombang,Jawa Timur,Jawa,-7.5372604,112.2571635,Dealer Mobil
AUTO2000 Kediri,Jawa Timur,Jawa,-7.8118141,112.0127556,Dealer Mobil
AUTO2000 Kediri Suharmadji,Jawa Timur,Jawa,-7.8516128,112.0022989,Dealer Mobil
AUTO2000 Lumajang,Jawa Timur,Jawa,-8.123947,113.2139251,Dealer Mobil
AUTO2000 Madiun,Jawa Timur,Jawa,-7.6322492,111.5169336,Dealer Mobil
Kartika Sari Motor,Jawa Timur,Jawa,-7.9366085,112.623788,Dealer Mobil
AUTO2000 Malang Soetoyo,Jawa Timur,Jawa,-7.9621613,112.6331465,Dealer Mobil
AUTO2000 Malang Supriadi,Jawa Timur,Jawa,-7.9903124,112.6192348,Dealer Mobil
AUTO2000 Singosari,Jawa Timur,Jawa,-7.8615065,112.6828792,Dealer Mobil
IMM Toyota Mojokerto,Jawa Timur,Jawa,-7.4672515,112.4553359,Dealer Mobil
Auto2000 Ngawi,Jawa Timur,Jawa,-7.4359111,111.437379,Dealer Mobil
AUTO2000 Pasuruan,Jawa Timur,Jawa,-7.633132,112.8871701,Dealer Mobil
AUTO2000 Probolinggo,Jawa Timur,Jawa,-7.7582078,113.2237244,Dealer Mobil
Asri Motor,Jawa Timur,Jawa,-7.4408061,112.7172743,Dealer Mobil
Asri Motor Taman,Jawa Timur,Jawa,-7.3527125,112.6953124,Dealer Mobil
Asri Motor BP,Jawa Timur,Jawa,-7.3526148,112.6566879,Dealer Mobil
AUTO2000 Basuki Rachmat,Jawa Timur,Jawa,-7.2703677,112.7391071,Dealer Mobil
AUTO2000 A. Yani,Jawa Timur,Jawa,-7.3343426,112.726947,Dealer Mobil
AUTO2000 Pecindilan,Jawa Timur,Jawa,-7.245952,112.745293,Dealer Mobil
AUTO2000 Waru (DYNA OUTLET),Jawa Timur,Jawa,-7.3750108,112.7248754,Dealer Mobil
AUTO2000 Jemur Sari,Jawa Timur,Jawa,-7.3150323,112.751341,Dealer Mobil
AUTO2000 Kertajaya,Jawa Timur,Jawa,-7.282752,112.7786679,Dealer Mobil
AUTO2000 Kenjeran,Jawa Timur,Jawa,-7.2510115,112.7845575,Dealer Mobil
AUTO2000 Wiyung,Jawa Timur,Jawa,-7.3088837,112.669815,Dealer Mobil
Liek Motor Walikota,Jawa Timur,Jawa,-7.3087913,112.6311905,Dealer Mobil
Liek Motor Indrapura,Jawa Timur,Jawa,-7.2356544,112.7279284,Dealer Mobil
AUTO2000 HR Mohammad,Jawa Timur,Jawa,-7.2857049,112.6920193,Dealer Mobil
Liek Motor Dupak BP,Jawa Timur,Jawa,-7.244994,112.7267784,Dealer Mobil
AUTO2000 Tuban,Jawa Timur,Jawa,-6.901227,112.0502537,Dealer Mobil
AUTO2000 Tulungagung,Jawa Timur,Jawa,-8.0411728,111.9097392,Dealer Mobil
AUTO2000 Cikupa,Banten,Jawa,-6.2257146,106.5079841,Dealer Mobil
Tunas Toyota Cilegon,Banten,Jawa,-6.032232,106.0769406,Dealer Mobil
AUTO2000 Pandeglang,Banten,Jawa,-6.3320212,106.0691553,Dealer Mobil
AUTO2000 Serang,Banten,Jawa,-6.1700911,106.1501447,Dealer Mobil
Tunas Toyota Serang,Banten,Jawa,-6.1208623,106.1804092,Dealer Mobil
AUTO2000 Ciledug (BP),Banten,Jawa,-6.2386747,106.7445602,Dealer Mobil
AUTO2000 Bintaro Jaya,Banten,Jawa,-6.2770237,106.7211958,Dealer Mobil
AUTO2000 Bumi Serpong Damai,Banten,Jawa,-6.2769314,106.6825713,Dealer Mobil
AUTO2000 Pondok Jagung,Banten,Jawa,-6.2549638,106.6482341,Dealer Mobil
AUTO2000 Alam Sutera,Banten,Jawa,-6.2237797,106.6625238,Dealer Mobil
AUTO2000 Tangerang,Banten,Jawa,-6.1934684,106.633883,Dealer Mobil
Tunas Toyota Tangerang,Banten,Jawa,-6.1848155,106.6164476,Dealer Mobil
Tunas Toyota Ciputat,Banten,Jawa,-6.3195516,106.7436877,Dealer Mobil
Astrido Toyota Tangerang,Banten,Jawa,-6.195024,106.5181599,Dealer Mobil
Astrido Toyota Karawaci,Banten,Jawa,-6.2149232,106.6162772,Dealer Mobil
Astrido Toyota Pondok Cabe,Banten,Jawa,-6.3378932,106.7633994,Dealer Mobil
Plaza Toyota Serpong,Banten,Jawa,-6.2467431,106.6243477,Dealer Mobil
AUTO2000 BSD City,Banten,Jawa,-6.2466508,106.5857232,Dealer Mobil
AUTO2000 Pasar Kemis,Banten,Jawa,-6.1717944,106.5482683,Dealer Mobil
Tunas Toyota Cipondoh,Banten,Jawa,-6.2100917,106.6855253,Dealer Mobil
Tunas Toyota Balaraja,Banten,Jawa,-6.1940268,106.4569587,Dealer Mobil
Astrido Toyota Bitung,Banten,Jawa,-6.2247017,106.5476601,Dealer Mobil
Setiajaya Toyota Pamulang,Banten,Jawa,-6.3454262,106.71461,Dealer Mobil
Tunas Toyota Lebak,Banten,Jawa,-6.3482919,106.2286559,Dealer Mobil
AUTO2000 Denpasar,Bali,Kepulauan Nusa Tenggara,-8.6392817,115.2043317,Dealer Mobil
AUTO2000 Sanur,Bali,Kepulauan Nusa Tenggara,-8.6957383,115.2556508,Dealer Mobil
Agung Toyota Denpasar,Bali,Kepulauan Nusa Tenggara,-8.6417112,115.2064447,Dealer Mobil
Agung Toyota Kuta,Bali,Kepulauan Nusa Tenggara,-8.6955722,115.1735304,Dealer Mobil
AUTO2000 Gianyar,Bali,Kepulauan Nusa Tenggara,-8.5338578,115.3001675,Dealer Mobil
Agung Toyota Gianyar,Bali,Kepulauan Nusa Tenggara,-8.5482097,115.308637,Dealer Mobil
AUTO2000 Singaraja,Bali,Kepulauan Nusa Tenggara,-8.1405341,115.0509428,Dealer Mobil
Agung Toyota Singaraja,Bali,Kepulauan Nusa Tenggara,-8.0944231,115.1120093,Dealer Mobil
AUTO2000 Tabanan,Bali,Kepulauan Nusa Tenggara,-8.5592004,115.1465389,Dealer Mobil
Agung Toyota Tabanan,Bali,Kepulauan Nusa Tenggara,-8.5591521,115.1285143,Dealer Mobil
Agung Toyota Tabanan BP,Bali,Kepulauan Nusa Tenggara,-8.5594523,115.1479462,Dealer Mobil
Krida Toyota Bima,Nusa Tenggara Barat,Kepulauan Nusa Tenggara,-8.4622865,118.7429814,Dealer Mobil
Krida Toyota Praya,Nusa Tenggara Barat,Kepulauan Nusa Tenggara,-8.6953635,116.2507338,Dealer Mobil
Krida Toyota Selong SP,Nusa Tenggara Barat,Kepulauan Nusa Tenggara,-8.6416179,116.5029664,Dealer Mobil
Krida Toyota,Nusa Tenggara Barat,Kepulauan Nusa Tenggara,-8.596778,116.1730878,Dealer Mobil
Auto Nusa Abadi,Nusa Tenggara Timur,Kepulauan Nusa Tenggara,-10.1522001,123.5993441,Dealer Mobil
AUTO2000 Supadio Pontianak,Kalimantan Barat,Kalimantan,-0.0858189,109.3662201,Dealer Mobil
Anzon Toyota Pontianak,Kalimantan Barat,Kalimantan,-0.0524123,109.3439882,Dealer Mobil
Anzon Toyota Pontianak BP,Kalimantan Barat,Kalimantan,-0.0552363,109.3893704,Dealer Mobil
Anzon Toyota Singkawang,Kalimantan Barat,Kalimantan,0.8938542,108.9713741,Dealer Mobil
Wira Megah Palangkaraya,Kalimantan Tengah,Kalimantan,-2.1783259,113.8801109,Dealer Mobil
Auto2000 Palangkaraya,Kalimantan Tengah,Kalimantan,-2.2316858,113.9175419,Dealer Mobil
Anzon Toyota Sampit,Kalimantan Tengah,Kalimantan,-2.5386998,112.9322963,Dealer Mobil
AUTO2000 Ahmad Yani Banjarmasin,Kalimantan Selatan,Kalimantan,-3.44207,114.6939493,Dealer Mobil
Wira Megah Banjarbaru,Kalimantan Selatan,Kalimantan,-3.4456423,114.8093074,Dealer Mobil
Wira Megah Banjarmasin,Kalimantan Selatan,Kalimantan,-3.3758782,114.6430756,Dealer Mobil
Wira Megah Pelaihari,Kalimantan Selatan,Kalimantan,-3.8009995,114.7727964,Dealer Mobil
AUTO2000 Balikpapan Sudirman,Kalimantan Timur,Kalimantan,-1.2748319,116.8453035,Dealer Mobil
AUTO2000 Balikpapan BP,Kalimantan Timur,Kalimantan,-1.2638104,116.8573593,Dealer Mobil
AUTO2000 Balikpapan MT Haryono,Kalimantan Timur,Kalimantan,-1.2572596,116.8656021,Dealer Mobil
AUTO2000 Bontang,Kalimantan Timur,Kalimantan,0.1374742,117.4640814,Dealer Mobil
AUTO2000 Tenggarong,Kalimantan Timur,Kalimantan,-0.4370683,116.985564,Dealer Mobil
Graha Toyota Kutaikartanegara,Kalimantan Timur,Kalimantan,-0.3797031,117.110293,Dealer Mobil
AUTO2000 Sangatta,Kalimantan Timur,Kalimantan,0.5136612,117.5514923,Dealer Mobil
Graha Toyota Sangatta,Kalimantan Timur,Kalimantan,0.4954213,117.5279291,Dealer Mobil
Auto2000 Paser,Kalimantan Timur,Kalimantan,-1.9200306,116.1882836,Dealer Mobil
AUTO2000 Samarinda,Kalimantan Timur,Kalimantan,-0.4557514,117.150193,Dealer Mobil
Graha Toyota Samarinda,Kalimantan Timur,Kalimantan,-0.4557246,117.1424682,Dealer Mobil
Sumber Harapan Tarakan I,Kalimantan Utara,Kalimantan,1.2017116,115.7776618,Dealer Mobil
Sumber Harapan Tarakan II,Kalimantan Utara,Kalimantan,3.3220835,117.5723759,Dealer Mobil
Hasjrat Toyota Bitung,Sulawesi Utara,Sulawesi,1.4382984,125.1140601,Dealer Mobil
Hasjrat Toyota Kotamobagu,Sulawesi Utara,Sulawesi,0.733827,124.3009524,Dealer Mobil
Hasjrat Toyota Manado Kombos,Sulawesi Utara,Sulawesi,1.4953194,124.8629518,Dealer Mobil
Hasjrat Toyota Manado Sudirman,Sulawesi Utara,Sulawesi,1.4876977,124.8471361,Dealer Mobil
Hasjrat Toyota Manado Tendean,Sulawesi Utara,Sulawesi,1.4727857,124.8302368,Dealer Mobil
Hasjrat Toyota Airmadidi,Sulawesi Utara,Sulawesi,1.4953208,124.8629489,Dealer Mobil
Hasjrat Toyota Luwuk,Sulawesi Tengah,Sulawesi,-0.9850582,122.787662,Dealer Mobil
Hasjrat Toyota Palu Durian,Sulawesi Tengah,Sulawesi,-0.8956582,119.848174,Dealer Mobil
Hasjrat Toyota Palu Diponegoro,Sulawesi Tengah,Sulawesi,-0.8955668,119.8095495,Dealer Mobil
Hasjrat Toyota Palu Mutiara,Sulawesi Tengah,Sulawesi,-0.9191257,119.8921949,Dealer Mobil
Kalla Toyota Juanda,Sulawesi Tengah,Sulawesi,-0.9190989,119.8844701,Dealer Mobil
Kalla Toyota Martadinata,Sulawesi Tengah,Sulawesi,-0.8437088,119.8805297,Dealer Mobil
Kalla Toyota Poso,Sulawesi Tengah,Sulawesi,-1.3853528,120.7306168,Dealer Mobil
Kalla Toyota Bone,Sulawesi Selatan,Sulawesi,-2.9616795,119.2071053,Dealer Mobil
Kalla Toyota Bulukumba,Sulawesi Selatan,Sulawesi,-5.5532048,120.1855183,Dealer Mobil
Kalla Toyota Gowa,Sulawesi Selatan,Sulawesi,-5.2475084,119.411894,Dealer Mobil
Kalla Toyota (I) Urip Sumoharjo,Sulawesi Selatan,Sulawesi,-5.1370811,119.4368899,Dealer Mobil
Kalla Toyota Alauddin,Sulawesi Selatan,Sulawesi,-5.1806696,119.4373463,Dealer Mobil
Kalla Toyota HOS Cokroaminoto,Sulawesi Selatan,Sulawesi,-5.1304931,119.4106666,Dealer Mobil
Kalla Toyota Maros,Sulawesi Selatan,Sulawesi,-5.0481366,119.5584107,Dealer Mobil
Kalla Toyota Serui,Sulawesi Selatan,Sulawesi,-5.1319727,119.4078551,Dealer Mobil
Garasi Kalla Toyota,Sulawesi Selatan,Sulawesi,-5.1394316,119.4469225,Dealer Mobil
Kalla Toyota Palopo,Sulawesi Selatan,Sulawesi,-3.2032564,120.1219712,Dealer Mobil
Kalla Toyota Pare-pare,Sulawesi Selatan,Sulawesi,-3.999238,119.6317405,Dealer Mobil
Kalla Toyota Pinrang,Sulawesi Selatan,Sulawesi,-3.8183992,119.64917,Dealer Mobil
Kalla Toyota Sengkang,Sulawesi Selatan,Sulawesi,-4.1200523,120.0222365,Dealer Mobil
Kalla Toyota Sidrap,Sulawesi Selatan,Sulawesi,-3.9264355,119.7814289,Dealer Mobil
Kalla Toyota Soppeng,Sulawesi Selatan,Sulawesi,-4.3565475,119.8860432,Dealer Mobil
Kalla Toyota Tanatoraja,Sulawesi Selatan,Sulawesi,-2.9775343,119.8914764,Dealer Mobil
Kalla Toyota Kendari,Sulawesi Tenggara,Sulawesi,-3.990865,122.5018809,Dealer Mobil
Kalla Toyota Kolaka,Sulawesi Tenggara,Sulawesi,-4.0681524,121.6183758,Dealer Mobil
Hasjrat Toyota Gorontalo Kasuari,Gorontalo,Sulawesi,0.5442333,123.0620108,Dealer Mobil
Hasjrat Toyota Gorontalo,Gorontalo,Sulawesi,0.5390791,123.0581356,Dealer Mobil
Hasjrat Toyota Limboto,Gorontalo,Sulawesi,0.6224301,123.0064463,Dealer Mobil
Kalla Toyota Mamuju,Sulawesi Barat,Sulawesi,-2.6882364,118.8659243,Dealer Mobil
Kalla Toyota Polmas,Sulawesi Barat,Sulawesi,-3.4412628,119.3539517,Dealer Mobil
Hasjrat Toyota Ambon,Maluku,Kepulauan Maluku,-3.6624727,128.2029052,Dealer Mobil
Hasjrat Toyota Ternate,Maluku Utara,Kepulauan Maluku,0.7674478,127.3728224,Dealer Mobil
Sinar Suri Manokwari,Papua Barat,Papua,-0.8677298,134.043134,Dealer Mobil
Hasjrat Toyota Sorong,Papua Barat,Papua,-0.8825523,131.277863,Dealer Mobil
Hasjrat Toyota Biak,Papua,Papua,-1.1777969,136.086415,Dealer Mobil
Hasjrat Toyota Abepura,Papua,Papua,-2.6028398,140.6713471,Dealer Mobil
Hasjrat Toyota Jayapura,Papua,Papua,-2.5549989,140.7007528,Dealer Mobil
Hasjrat Toyota Nabire,Papua,Papua,-3.3519689,135.5086307,Dealer Mobil
Hasjrat Toyota Timika,Papua,Papua,-4.5425654,136.8839622,Dealer Mobil
MINI EUROKARS PT. TRANS EUROKARS INDONESIA,DKI Jakarta,Jawa,-6.091286,106.7437025,Dealer Mobil
PT. Plaza Auto Raya BANDUNG,Jawa Barat,Jawa,-6.9319914,107.6235976,Dealer Mobil
PT Plaza Auto Raya SURABAYA,Jawa Timur,Jawa,-7.2836177,112.6865297,Dealer Mobil
PT. Plaza Auto Raya SERPONG,Banten,Jawa,-6.2462349,106.6225269,Dealer Mobil
PT. Plaza Auto Raya PONDOK INDAH,DKI Jakarta,Jawa,-6.2493495,106.7790362,Dealer Mobil
PT. Plaza Auto Raya SENOPATI,DKI Jakarta,Jawa,-6.231912,106.808239,Dealer Mobil
MINI Performance Motors Service,Sumatera Utara,Sumatera,3.5713334,98.6622326,Dealer Mobil
Menteng Service Center,DKI Jakarta,Jawa,-6.2016939,106.843426,Dealer Mobil
Mampang Service Center,DKI Jakarta,Jawa,-6.2446547,106.8235003,Dealer Mobil
Pluit Service Center,DKI Jakarta,Jawa,-6.1257719,106.7951088,Dealer Mobil
Service Center KYMCO iONEX Cideng,DKI Jakarta,Jawa,-6.1643943,106.8082532,Dealer Motor
KYMCO BANDUNG OTO BUTIK,Jawa Barat,Jawa,-6.9196207,107.6099371,Dealer Motor
KYMCO ASTA MOTOR PERKASA,Bali,Kepulauan Nusa Tenggara,-6.9195723,107.5919125,Dealer Motor
Dealer Gesits Aceh,Nanggroe Aceh Darussalam,Sumatera,5.5383181,95.3126297,Dealer Motor
Dealer GESITS Bandung,Jawa Barat,Jawa,-6.9319038,107.5682162,Dealer Motor
Dealer Gesits Batam,Kepulauan Riau,Sumatera,1.1076709,104.0708032,Dealer Motor
Dealer Gesits Bekasi,Jawa Barat,Jawa,-6.2810143,107.1740012,Dealer Motor
Dealer GESITS Bintaro,DKI Jakarta,Jawa,-6.2694302,106.7506322,Dealer Motor
Dealer GESITS Blitar,Jawa Timur,Jawa,-8.1047349,112.1653733,Dealer Motor
Dealer Gesits Bogor,Jawa Barat,Jawa,-6.4906509,106.8310544,Dealer Motor
Dealer Gesits Bontang,Kalimantan Timur,Kalimantan,0.1403605,117.4594544,Dealer Motor
Dealer Gesits BSD,Banten,Jawa,-6.3026589,106.6663265,Dealer Motor
Dealer GESITS Denpasar Bali,Bali,Kepulauan Nusa Tenggara,-8.6737195,115.2126646,Dealer Motor
Dealer GESITS Dumai,Riau,Sumatera,1.6719607,101.4408247,Dealer Motor
Dealer Gesits Karawang,Jawa Barat,Jawa,-6.3317512,107.2822006,Dealer Motor
Dealer GESITS Kendari,Sulawesi Tenggara,Sulawesi,-5.0575736,104.2442488,Dealer Motor
Dealer Gesits Lampung,Lampung,Sumatera,-5.3727181,105.295308,Dealer Motor
Dealer Gesits Makassar,Sulawesi Selatan,Sulawesi,-5.1886513,119.4403168,Dealer Motor
Dealer Gesits Malang,Jawa Timur,Jawa,-7.9480542,112.6187584,Dealer Motor
Dealer Gesits Medan,Sumatera Utara,Sumatera,3.5843045,98.6748765,Dealer Motor
Dealer GESITS Morotai,Maluku Utara,Kepulauan Maluku,2.0621258,128.307796,Dealer Motor
Dealer Gesits Nias,Sumatera Utara,Sumatera,1.2637496,97.6361896,Dealer Motor
Dealer Gesits Pakuwon Surabaya,Jawa Timur,Jawa,-7.2903537,112.6699385,Dealer Motor
Dealer Gesits Palembang,Sumatera Selatan,Sumatera,-2.9522417,104.7314234,Dealer Motor
Dealer Gesits Pekanbaru,Riau,Sumatera,0.5000839,101.4100167,Dealer Motor
Dealer Gesits Pelalawan,Riau,Sumatera,0.3885518,101.8523769,Dealer Motor
Dealer GESITS Pontianak,Kalimantan Barat,Kalimantan,-0.0257817,109.3380625,Dealer Motor
Dealer Gesits Samarinda,Kalimantan Timur,Kalimantan,-0.4511192,117.1445744,Dealer Motor
Dealer GESITS Semarang I,Jawa Tengah,Jawa,-6.9819028,110.3941236,Dealer Motor
Dealer Gesits Semarang II,Jawa Tengah,Jawa,-6.9834514,110.4042867,Dealer Motor
Dealer Gesits Siak,Riau,Sumatera,0.6803511,101.3903224,Dealer Motor
Dealer Gesits Sukabumi,Jawa Barat,Jawa,-6.938427,106.9286729,Dealer Motor
Dealer GESITS Sumba Barat,Nusa Tenggara Timur,Kepulauan Nusa Tenggara,-9.6251505,119.4002837,Dealer Motor
Dealer GESITS Sumbawa,Nusa Tenggara Barat,Kepulauan Nusa Tenggara,-8.511822,117.406928,Dealer Motor
Dealer GESITS Sumenep Madura,Jawa Timur,Jawa,-7.0057239,113.8526395,Dealer Motor
Dealer GESITS Surabaya I,Jawa Timur,Jawa,-7.2570256,112.7213199,Dealer Motor
Dealer GESITS Surabaya II,Jawa Timur,Jawa,-7.2812121,112.7948532,Dealer Motor
Dealer GESITS Timika - Papua,Papua,Papua,-4.5593741,136.8787894,Dealer Motor
Dealer Gesits Kupang,Nusa Tenggara Timur,Kepulauan Nusa Tenggara,-10.1607038,123.5749024,Dealer Motor
Dealer GESITS Yogyakarta,Daerah Istimewa Yogyakarta,Jawa,-7.7836478,110.4389187,Dealer Motor
Qaddasa Gesits Motor Sibolga,Sumatera Utara,Sumatera,1.7290285,98.7910099,Dealer Motor
Electrum Dealer,DKI Jakarta,Jawa,-6.2581366,106.7789072,Dealer Motor
PT. Supra Benelli Motorsport (Main Dealer),DKI Jakarta,Jawa,-6.162151,106.8212452,Dealer Motor
Benelli Dewi Sartika Jakarta Timur,DKI Jakarta,Jawa,-6.2474938,106.8645041,Dealer Motor
BENELLI CIKARANG,Jawa Barat,Jawa,-6.3160523,107.1593819,Dealer Motor
PT. Benelli Anugerah Motor Pusaka Branch FATMAWATI,Daerah Istimewa Yogyakarta,Jawa,-6.2818133,106.7937855,Dealer Motor
PT. Benelli Anugerah Motor Pusaka Branch BEKASI,Jawa Barat,Jawa,-6.2490017,106.9623289,Dealer Motor
PT. Benelli Anugerah Motor Pusaka Branch BOGOR,Jawa Barat,Jawa,-6.6258417,106.8189284,Dealer Motor
PT. Benelli Anugerah Motor Pusaka - Benelli Depok,Jawa Barat,Jawa,-6.3583134,106.8568085,Dealer Motor
PT Benelli Anugerah Motor Pusaka - Branch BSD,Banten,Jawa,-6.2715005,106.6289203,Dealer Motor
Benelli Serang,Banten,Jawa,-6.1110059,106.1415959,Dealer Motor
Benelli Bandung Center (Main Dealer),Jawa Barat,Jawa,-6.9323148,107.6038796,Dealer Motor
BENELLI KARAWANG,Jawa Barat,Jawa,-6.3133343,107.3169814,Dealer Motor
Benelli Garut Center,Jawa Barat,Jawa,-7.2182435,107.9069604,Dealer Motor
Benelli Sukabumi,Jawa Barat,Jawa,-6.9318411,106.9228437,Dealer Motor
Benelli Cirebon Center,Jawa Barat,Jawa,-6.711122,108.5387636,Dealer Motor
PT. Benelli Anugerah Motor Pusaka - Branch Semarang,Jawa Tengah,Jawa,-6.9859465,110.4149082,Dealer Motor
PT. Benelli Anugerah Motor Pusaka - Branch Solo,Jawa Tengah,Jawa,-7.550552,110.8188488,Dealer Motor
PT. Benelli Anugerah Motor Pusaka - Branch Kudus,Jawa Tengah,Jawa,-6.8158677,110.8365333,Dealer Motor
PT. Benelli Anugerah Motor Pusaka - Branch Yogyakarta,Daerah Istimewa Yogyakarta,Jawa,-7.736581,110.3602573,Dealer Motor
PT. Benelli Perkasa Motor (Main Dealer),Jawa Timur,Jawa,-7.2557829,112.7267434,Dealer Motor
PT. Benelli Perkasa Motor Branch Malang,Jawa Timur,Jawa,-7.9331535,112.6474406,Dealer Motor
PT. Benelli Perkasa Motor Branch BALI Veteran,Bali,Kepulauan Nusa Tenggara,-8.6527925,115.2148015,Dealer Motor
Benelli Palembang,Sumatera Selatan,Sumatera,-2.9838496,104.7524615,Dealer Motor
PT. Sedayu Central Niaga - Benelli Pekanbaru,Riau,Sumatera,0.4965979,101.4162429,Dealer Motor
PT. Benelli Anugerah Motor Pusaka - Branch Medan,Sumatera Utara,Sumatera,3.5777489,98.6406812,Dealer Motor
PT. Benelli Anugerah Motor Pusaka - Branch Lampung,Lampung,Sumatera,-5.4227611,105.2646403,Dealer Motor
Benelli Belitung,Bangka Belitung,Sumatera,-2.7411359,107.6346312,Dealer Motor
Benelli Makassar,Sulawesi Selatan,Sulawesi,-5.1543416,119.4214471,Dealer Motor
Benelli Kendari,Sulawesi Tengah,Sulawesi,-3.9930607,122.5000381,Dealer Motor
Benelli ParePare,Sulawesi Selatan,Sulawesi,-3.999399,119.6319699,Dealer Motor
Benelli Palu,Sulawesi Tengah,Sulawesi,-0.8964111,119.8808734,Dealer Motor
Benelli Ambon,Maluku,Kepulauan Maluku,-3.6401096,128.2411263,Dealer Motor
Benelli Pangeran Antasari Banjarmasin,Kalimantan Selatan,Kalimantan,-3.327249,114.5942824,Dealer Motor
Benelli Banjarmasin,Kalimantan Selatan,Kalimantan,-3.3471475,114.5974908,Dealer Motor
Benelli Pontianak,Kalimantan Barat,Kalimantan,-0.0202908,109.3164383,Dealer Motor
Benelli Samarinda,Kalimantan Timur,Kalimantan,-0.4953951,117.1502606,Dealer Motor
TVS PRINGSEWU,Lampung,Sumatera,-5.3562362,104.9756789,Dealer Motor
TVS BANYUWANGI,Jawa Timur,Jawa,-8.2449929,114.3482537,Dealer Motor
TVS TANGGERANG,Banten,Jawa,-6.1861202,106.6521193,Dealer Motor
TVS GATSU MEDAN,Sumatera Utara,Sumatera,3.5900743,98.6515799,Dealer Motor
TVS SOLO,Jawa Tengah,Jawa,-7.5673419,110.8670112,Dealer Motor
TVS KARAWANG,Jawa Barat,Jawa,-6.2959842,107.3268978,Dealer Motor
TVS CIREBON,Jawa Barat,Jawa,-6.7248006,108.5606421,Dealer Motor
TVS TABANAN,Bali,Kepulauan Nusa Tenggara,-8.5522242,115.129045,Dealer Motor
TVS SINGKAWANG,Kalimantan Barat,Kalimantan,0.8970634,108.96547,Dealer Motor
TVS CIANJUR,Jawa Barat,Jawa,-6.8452359,107.1242518,Dealer Motor
TVS PANDEGLANG,Banten,Jawa,-6.3011735,106.1065048,Dealer Motor
TVS AMBON/Dealer Gesits,Maluku,Kepulauan Maluku,-3.6989643,128.1738838,Dealer Motor
TVS MEDAN,Sumatera Utara,Sumatera,3.6004707,98.5611121,Dealer Motor
TVS TEGAL,Jawa Tengah,Jawa,-6.887078,109.1332019,Dealer Motor
TVS KUDUS,Jawa Tengah,Jawa,-6.8061703,110.8904515,Dealer Motor
TVS BANJARBARU,Kalimantan Selatan,Kalimantan,-3.4621864,114.8143994,Dealer Motor
TVS DEWISARTIKA,DKI Jakarta,Jawa,-6.2462258,106.8652088,Dealer Motor
TVS PADALARANG,Jawa Barat,Jawa,-6.8456818,107.4771976,Dealer Motor
TVS GARUT,Jawa Barat,Jawa,-7.226262,107.9041739,Dealer Motor
TVS MAKASSAR,Sulawesi Selatan,Sulawesi,-5.1271835,119.4172553,Dealer Motor
TVS SEMARANG,Jawa Tengah,Jawa,-6.9615087,110.4373322,Dealer Motor
TVS PURWOKERTO,Jawa Tengah,Jawa,-7.4260775,109.2149744,Dealer Motor
TVS GRESIK,Jawa Timur,Jawa,-7.1669744,112.6391142,Dealer Motor
TVS PONTIANAK,Kalimantan Barat,Kalimantan,-0.0283638,109.3259167,Dealer Motor
TVS KETAPANG,Kalimantan Barat,Kalimantan,-1.8334194,109.9689228,Dealer Motor
TVS SAMBAS,Kalimantan Barat,Kalimantan,1.3637231,109.3158227,Dealer Motor
TVS PALANGKARAYA,Kalimantan Tengah,Kalimantan,-2.2111414,113.9162905,Dealer Motor
TVS LAMPUNG,Lampung,Sumatera,-5.3900527,105.2592245,Dealer Motor
TVS BALI,Bali,Kepulauan Nusa Tenggara,-8.681515,115.1889005,Dealer Motor
TVS JATIASIH,Jawa Barat,Jawa,-6.2937247,106.9590644,Dealer Motor
TVS SURABAYA,Jawa Timur,Jawa,-7.3043728,112.7565359,Dealer Motor
TVS YOGYAKARTA,Daerah Istimewa Yogyakarta,Jawa,-7.817357,110.3835325,Dealer Motor
TVS BANDUNG,Jawa Barat,Jawa,-6.9077825,107.5789502,Dealer Motor
TVS CIBINONG,Jawa Barat,Jawa,-6.4907233,106.8311278,Dealer Motor
TVS CENGKARENG,DKI Jakarta,Jawa,-6.152568,106.7195028,Dealer Motor
TVS SUKABUMI,Jawa Barat,Jawa,-6.9318058,106.9228709,Dealer Motor
TVS BEKASI TIMUR,Jawa Barat,Jawa,-6.246671,107.0227991,Dealer Motor
TVS KEDIRI,Jawa Timur,Jawa,-7.8248762,112.0081174,Dealer Motor
TVS SUOH,Lampung,Sumatera,-5.3052239,104.3074517,Dealer Motor
Dealer Gisits Gorontalo,Gorontalo,Sulawesi,0.552094,123.0501913,Dealer Motor
Dealer Gesits Tanjung Pinang,Kepulauan Riau,Sumatera,0.9287386,104.5157443,Dealer Motor
Dealer Gesits Tarakan,Kalimantan Utara,Kalimantan,3.3108232,117.5895793,Dealer Motor
Dealer Polytron Bitung (Cikupa),Banten,Jawa,-6.2267076,106.5239462,Dealer Motor
Dealer Polytron Jakarta Barat,DKI Jakarta,Jawa,-6.18929,106.8038037,Dealer Motor
Dealer Polytron Jakarta Timur,DKI Jakarta,Jawa,-6.2293351,106.9092776,Dealer Motor
Dealer Polytron Jakarta Selatan,DKI Jakarta,Jawa,-6.250701,106.7791298,Dealer Motor
Dealer Polytron Cilegon,Banten,Jawa,-6.1199075,106.1648961,Dealer Motor
Dealer Polytron Tangerang,Banten,Jawa,-6.1854901,106.630287,Dealer Motor
Dealer Polytron Depok,Jawa Barat,Jawa,-6.4030344,106.8166318,Dealer Motor
Dealer Polytron Cikarang,Jawa Barat,Jawa,-6.3527746,107.1070732,Dealer Motor
Dealer Polytron Bogor,Jawa Barat,Jawa,-6.61788,106.8113306,Dealer Motor
Dealer Polytron Bekasi,Jawa Barat,Jawa,-6.2670519,106.9924167,Dealer Motor
Dealer Polytron Bandung,Jawa Barat,Jawa,-6.9473733,107.592,Dealer Motor
Dealer Polytron Bandung Utara,Jawa Barat,Jawa,-6.9069416,107.588898,Dealer Motor
Dealer Polytron Tasikmalaya,Jawa Barat,Jawa,-7.3132135,108.197321,Dealer Motor
Dealer Polytron Subang,Jawa Barat,Jawa,-6.5770156,107.7770186,Dealer Motor
Dealer Polytron Sukabumi,Jawa Barat,Jawa,-6.9308902,106.9301988,Dealer Motor
Dealer Polytron Cirebon,Jawa Barat,Jawa,-6.7311716,108.5752642,Dealer Motor
Dealer Polytron Semarang,Jawa Tengah,Jawa,-6.9860225,110.4288542,Dealer Motor
Dealer Polytron Kudus,Jawa Tengah,Jawa,-6.7980116,110.8296801,Dealer Motor
Dealer Polytron Pekalongan,Jawa Tengah,Jawa,-6.9003767,109.669555,Dealer Motor
Dealer Polytron Klaten,Jawa Tengah,Jawa,-7.7520769,110.5161171,Dealer Motor
Dealer Polytron Yogyakarta,Daerah Istimewa Yogyakarta,Jawa,-7.7808467,110.3467381,Dealer Motor
Dealer Polytron Solo,Jawa Tengah,Jawa,-7.6035134,110.8108194,Dealer Motor
Dealer Polytron Purwokerto,Jawa Tengah,Jawa,-7.4274136,109.236934,Dealer Motor
Dealer Polytron Surabaya (Rungkut),Jawa Timur,Jawa,-7.3338792,112.7570108,Dealer Motor
Dealer Polytron Pasuruan,Jawa Timur,Jawa,-7.6481985,112.8940343,Dealer Motor
Dealer Polytron Malang,Jawa Timur,Jawa,-7.9590331,112.6408332,Dealer Motor
Dealer Polytron Bojonegoro,Jawa Timur,Jawa,-7.1617274,111.8955358,Dealer Motor
Dealer Polytron Surabaya Utara,Jawa Timur,Jawa,-7.2494687,112.7592462,Dealer Motor
Dealer Polytron Kediri,Jawa Timur,Jawa,-7.838454,112.0095096,Dealer Motor
Dealer Polytron Madiun,Jawa Timur,Jawa,-7.6279988,111.5041388,Dealer Motor
